# s_m,x_m,y_m,psi_rad,kappa_radpm,vx_mps,ax_mps2
0.000000000000000000e+00,1.286045800090601077e+01,7.212323500064955262e+00,3.868875109931884104e-01,9.033562027488631907e-01,3.322838429331902876e+00,-8.232810016713256740e-01
9.985075886522197519e-02,1.281873539298385367e+01,7.302375692132542007e+00,4.829801304189729194e-01,1.031435798506859181e+00,3.298006179783855796e+00,-4.201562729165707333e-02
1.997015177304439504e-01,1.276759176234957138e+01,7.388362770714729244e+00,5.916462182601893716e-01,1.104112857650334734e+00,3.296733865108611106e+00,-4.201562729163928894e-02
2.995522765956659117e-01,1.270765181319630699e+01,7.467905208159269392e+00,6.991305020967688577e-01,1.057471213488550887e+00,3.295461059216968636e+00,4.738121832484128992e-01
3.994030354608879008e-01,1.263943076856225112e+01,7.540925946775526967e+00,8.029456949097486529e-01,1.009182853776980915e+00,3.309786187192355289e+00,9.023711484586223186e-01
4.992537943261098898e-01,1.256424743924282872e+01,7.606667923609061965e+00,9.006482739154577644e-01,9.495449196910570322e-01,3.336898184367131481e+00,1.383876629070237119e+00
5.991045531913318234e-01,1.248324427341278664e+01,7.664939146774439216e+00,9.927956441634742113e-01,8.945447765024306941e-01,3.378054433547463820e+00,1.748010356300033763e+00
6.989553120565538125e-01,1.239716812908934074e+01,7.715848959295867893e+00,1.079791137870933060e+00,8.473747532755111500e-01,3.429334057389470392e+00,1.989128029485367710e+00
7.988060709217758015e-01,1.230730792050907141e+01,7.759198821990228367e+00,1.161959908241589456e+00,7.966982091040165637e-01,3.486769846666069039e+00,2.267091452853636557e+00
8.986568297869977906e-01,1.221406977669287208e+01,7.795339263511897876e+00,1.239329995697489029e+00,7.525964267979589062e-01,3.551099205540209969e+00,2.460779755370110955e+00
9.985075886522197797e-01,1.211852035272419315e+01,7.824342002970181120e+00,1.311951135663084411e+00,6.999240797880729170e-01,3.619630784974632309e+00,2.779136685387316064e+00
1.098358347517441658e+00,1.202115560521665394e+01,7.846595494384916769e+00,1.379478243295298778e+00,6.538996048998535482e-01,3.695500620158015170e+00,3.017078411474686472e+00
1.198209106382663647e+00,1.192239425725881219e+01,7.862487039863488292e+00,1.442051067385146990e+00,5.964684064644014683e-01,3.776140883424706995e+00,3.439690018388541493e+00
1.298059865247885636e+00,1.182324312555618917e+01,7.872426485619272718e+00,1.498861177061347139e+00,5.447187501020932521e-01,3.866025257116923797e+00,3.800771828425096643e+00
1.397910624113107625e+00,1.172308677405253441e+01,7.877009453236085257e+00,1.550185799284168553e+00,4.793177143026312592e-01,3.962975042988484908e+00,4.411519674973968463e+00
1.497761382978329614e+00,1.162352931737021500e+01,7.876790508509566635e+00,1.594754023548714095e+00,4.150484880204359794e-01,4.072610755515385428e+00,5.051820732124044255e+00
1.597612141843551603e+00,1.152336480017572029e+01,7.872429374643532540e+00,1.632592030856011789e+00,3.389887063231317721e-01,4.194641180535814584e+00,5.967469365936509007e+00
1.697462900708773592e+00,1.142408646888915769e+01,7.864733351612771095e+00,1.662397092378855135e+00,2.584180313271621232e-01,4.334365850137058551e+00,6.793287519014257647e+00
1.797313659573995581e+00,1.132464674897405743e+01,7.854449999556087469e+00,1.683774456214535142e+00,1.675724512694800328e-01,4.488135152907137382e+00,6.708452941493751709e+00
1.897164418439217570e+00,1.122578393399945007e+01,7.842554447704314313e+00,1.695843507283967710e+00,7.911779630644162620e-02,4.634980623994056970e+00,6.627267591298499738e+00
1.997015177304439559e+00,1.112684344299609407e+01,7.829857403719169717e+00,1.699640663468724888e+00,-3.389467680338085088e-03,4.775617319382744697e+00,6.549358542468528555e+00
2.096865936169661548e+00,1.102859485646750670e+01,7.817255333560510167e+00,1.696301672984287023e+00,-5.481793777253965438e-02,4.910645336641636050e+00,6.474412658737902504e+00
2.196716695034883315e+00,1.092890151875502269e+01,7.805014882911885721e+00,1.689091185363409409e+00,-8.694487280805365814e-02,5.040574139584041546e+00,6.402163957076502321e+00
2.296567453900105527e+00,1.083195279721755355e+01,7.793795225686200645e+00,1.684439073754031568e+00,-2.401431931052357485e-03,5.165840639782718569e+00,6.332384212403116663e+00
2.396418212765327294e+00,1.073037387509884333e+01,7.782073459777225644e+00,1.688169235575636584e+00,7.044185630094394746e-02,5.286822888436866208e+00,6.264875841607275397e+00
2.496268971630549505e+00,1.063444238526417429e+01,7.770329970702641198e+00,1.697986189069842666e+00,1.292242734893843115e-01,5.403850614854346368e+00,6.199466425237729617e+00
2.596119730495771272e+00,1.053315941056877669e+01,7.756613547767388539e+00,1.713571083635494929e+00,1.733024140743923691e-01,5.517213456256754078e+00,6.136004428377862752e+00
2.695970489360993483e+00,1.043598322945009826e+01,7.741781222898957537e+00,1.730889868567789591e+00,1.737520222676366133e-01,5.627167468544755025e+00,6.074355814589172731e+00
2.795821248226215250e+00,1.033692976436426569e+01,7.724903641329249560e+00,1.748201551832642586e+00,1.715295355329368165e-01,5.733940337538975918e+00,6.014401335095036494e+00
2.895672007091437461e+00,1.023787076079783098e+01,7.706259370579926049e+00,1.765370057994948283e+00,1.652667741922544675e-01,5.837735594330654365e+00,5.956034335524271306e+00
2.995522765956659228e+00,1.014046896523253771e+01,7.686252903858627583e+00,1.781207588048534518e+00,1.542231479685430284e-01,5.938736057931342849e+00,5.899158964292864127e+00
3.095373524821881439e+00,1.004194911230412401e+01,7.664421406937626635e+00,1.796425511381997353e+00,1.481636993480789644e-01,6.037106671599927310e+00,5.843688696198593213e+00
3.195224283687103206e+00,9.944471210526325322e+00,7.641302053508992387e+00,1.810697274294263082e+00,1.362386326406313797e-01,6.132996858473958923e+00,5.789545105959880367e+00
3.295075042552324973e+00,9.847495261743045347e+00,7.616896871876178921e+00,1.823825348408805169e+00,1.269293836299536793e-01,6.226542492481722313e+00,5.736656841830140685e+00
3.394925801417547184e+00,9.750619777965550128e+00,7.591201088434474720e+00,1.836195791841831237e+00,1.190060821223776905e-01,6.317867558654004512e+00,-5.786678374491007304e+00
3.494776560282768951e+00,9.653204186279955579e+00,7.564111256040611408e+00,1.847688763805688694e+00,1.087607630893986238e-01,6.225740280054165687e+00,-7.924645555012917342e+00
3.594627319147991162e+00,9.558438881208926929e+00,7.536643114384408371e+00,1.858024256149381159e+00,1.011024351202324950e-01,6.097317302705921982e+00,-7.024885519787606114e+00
3.694478078013212929e+00,9.461333348042657576e+00,7.507378328783478771e+00,1.869794939622684282e+00,1.429349649703659797e-01,5.981170285963510302e+00,-4.878993628537418026e+00
3.794328836878435141e+00,9.366570893052829305e+00,7.477322042315148742e+00,1.887160123955748503e+00,2.084921260499216500e-01,5.899157190402433137e+00,-2.761620845082789266e+00
3.894179595743656908e+00,9.272703096024274672e+00,7.445390299889527164e+00,1.911321212401650982e+00,2.736109059204309690e-01,5.852226557722937983e+00,-1.074617217852900541e+00
3.994030354608879119e+00,9.178875473880291125e+00,7.410598286400603030e+00,1.941309122338046755e+00,3.248800501684839803e-01,5.833862613529150920e+00,-1.314680787986897970e-01
4.093881113474100886e+00,9.087282855399287484e+00,7.373237022870740454e+00,1.975416692768224181e+00,3.528612781052524738e-01,5.831612008584245110e+00,-1.314680787987247967e-01
4.193731872339323097e+00,8.995811882399783244e+00,7.332151632190519130e+00,2.010334907471280630e+00,3.434929847870011321e-01,5.829360534723750042e+00,1.962457055522657257e-01
4.293582631204545308e+00,8.906678185437941764e+00,7.288384886658968220e+00,2.044025260355505580e+00,3.381403705383480007e-01,5.832721046736388359e+00,3.647318517722957232e-01
4.393433390069766631e+00,8.818304953039181271e+00,7.241219668118167974e+00,2.078114412437368053e+00,3.413626868464184616e-01,5.838961578346375525e+00,2.299610216057139112e-01
4.493284148934988842e+00,8.732278765972088408e+00,7.191477900841271698e+00,2.111900023923769076e+00,3.364089244975869697e-01,5.842892766296391649e+00,3.832253511440084082e-01
4.593134907800211053e+00,8.647438183011587398e+00,7.138557186005058064e+00,2.144889397522529606e+00,3.228006513160459057e-01,5.849438140770012673e+00,8.228035669530525675e-01
4.692985666665433264e+00,8.564641291748403162e+00,7.083131214877368187e+00,2.176236530256272950e+00,3.059298614749961787e-01,5.863466695037116594e+00,1.349149156173737207e+00
4.792836425530654587e+00,8.483370067190318053e+00,7.025061207033647115e+00,2.205842247781607313e+00,2.864401780933462094e-01,5.886396930036414510e+00,1.940992864623222847e+00
4.892687184395876798e+00,8.403974116646725889e+00,6.964832783987182196e+00,2.233350774368060954e+00,2.657768574122247318e-01,5.919230358662463054e+00,2.552451393359841170e+00
4.992537943261099009e+00,8.326091582623956100e+00,6.902437090304182732e+00,2.258733267093161245e+00,2.421269630273289175e-01,5.962131871746757739e+00,3.255690036526367237e+00
5.092388702126320332e+00,8.249899199828556462e+00,6.838321199539620920e+00,2.281442640562008961e+00,2.124854489827639470e-01,6.016409452294008808e+00,4.168693124281344531e+00
5.192239460991542543e+00,8.174850194412073279e+00,6.772404434192740297e+00,2.301001454014864667e+00,1.789386066808272280e-01,6.085201479123279356e+00,5.230810642061932469e+00
5.292090219856764755e+00,8.101186959132830268e+00,6.705324510048436437e+00,2.317626876374834666e+00,1.607623732029511698e-01,6.170435792203373460e+00,5.731899937842709569e+00
5.391940978721986966e+00,8.028315370722848954e+00,6.636790337380278793e+00,2.333300216083021628e+00,1.527219830961012159e-01,6.262503252116577102e+00,5.716307561535833415e+00
5.491791737587208289e+00,7.956772613251128945e+00,6.567415628169256614e+00,2.348259094953579762e+00,1.486214599020621308e-01,6.352991600704616992e+00,5.665058270405797458e+00
5.591642496452430500e+00,7.885994595880423397e+00,6.496714328491668411e+00,2.363003955667209333e+00,1.461374353770977241e-01,6.441414674840834742e+00,5.614917518108619277e+00
5.691493255317652711e+00,7.816526583316831811e+00,6.425266026491714300e+00,2.377454872794972474e+00,1.440409523930227809e-01,6.527873356886789935e+00,5.565832232730053342e+00
5.791344014182874922e+00,7.747848453167359928e+00,6.352566965716066605e+00,2.391772111865794859e+00,1.423022490811904628e-01,6.612460639418705100e+00,5.517753467033873704e+00
5.891194773048096245e+00,7.680396559642683307e+00,6.279101548594861804e+00,2.405890774111175023e+00,1.409259286260068633e-01,6.695262463092145566e+00,5.470635961603609765e+00
5.991045531913318456e+00,7.613862899176262466e+00,6.204557662187344391e+00,2.419915964550626075e+00,1.398316561735768737e-01,6.776358443454249425e+00,5.401550150696460051e+00
6.090896290778540667e+00,7.548415296528935947e+00,6.129135640332068036e+00,2.433838033048635996e+00,1.391636497145570250e-01,6.855489152304516054e+00,5.277938778913150664e+00
6.190747049643762878e+00,7.484064005227967442e+00,6.052861393752879238e+00,2.447712678167739409e+00,1.389250560282229985e-01,6.931936518895871480e+00,5.138648775624075071e+00
6.290597808508984201e+00,7.420634354163087920e+00,5.975526501334242901e+00,2.461606394298579747e+00,1.390619853095323433e-01,7.005564920945206886e+00,4.039308375245152405e+00
6.390448567374206412e+00,7.358513523269938794e+00,5.897605180097695410e+00,2.475496756231410522e+00,1.397291980812784273e-01,7.062902793801977275e+00,-5.219834851951558718e+00
6.490299326239428623e+00,7.297153648980009955e+00,5.818393998851536963e+00,2.489536879309111050e+00,1.406642470748525053e-01,6.988718547234448408e+00,-5.316730120769234347e+00
6.590150085104649946e+00,7.237327729414611888e+00,5.738879413305646437e+00,2.503620434288421404e+00,1.424103887035030325e-01,6.912338812440982139e+00,-5.378472952716670363e+00
6.690000843969872157e+00,7.178178138057221602e+00,5.657890516934994452e+00,2.517993744050031513e+00,1.442353783492960895e-01,6.834203585367379041e+00,-5.443283382308274021e+00
6.789851602835094369e+00,7.120687146342757678e+00,5.576741101054631500e+00,2.532480185869587341e+00,1.471476063700531134e-01,6.754206592440334056e+00,-5.462877376316348510e+00
6.889702361700316580e+00,7.064041200712089186e+00,5.494243242275644867e+00,2.547354739745449681e+00,1.501186466283219445e-01,6.672957499500411949e+00,-5.467490131154240984e+00
6.989553120565537903e+00,7.008840529196772806e+00,5.411207305507533150e+00,2.562510352914625145e+00,1.542580263745167157e-01,6.590636973219741179e+00,-5.433072468194903415e+00
7.089403879430760114e+00,6.954838516436241846e+00,5.327197520989939150e+00,2.578149707682231728e+00,1.589235541427305998e-01,6.507803231116707110e+00,-5.379504872670779925e+00
7.189254638295982325e+00,6.902129162453043421e+00,5.242263150250714432e+00,2.594280076430831805e+00,1.642568939586546706e-01,6.424734049532507818e+00,-5.294100750170108505e+00
7.289105397161204536e+00,6.850973698317151417e+00,5.156733140138046068e+00,2.610968598040908528e+00,1.705964306508597483e-01,6.341921447983688509e+00,-5.225358716581101959e+00
7.388956156026425859e+00,6.800993410754937685e+00,5.069838323529800128e+00,2.628377048716725284e+00,1.767921780861358150e-01,6.259109807792820668e+00,-5.046092552749226634e+00
7.488806914891648070e+00,6.752947641798336953e+00,4.982776936726976302e+00,2.646420277064664539e+00,1.860543687169052829e-01,6.178085726551223900e+00,-4.888879349829225340e+00
7.588657673756870281e+00,6.706231535084216766e+00,4.894281367322816934e+00,2.665492387648837891e+00,1.950639152843064161e-01,6.098559388778143742e+00,-4.629269161843837743e+00
7.688508432622092492e+00,6.661387435166713722e+00,4.805162702938468477e+00,2.685497225740017146e+00,2.070956794684898905e-01,6.022288148274797415e+00,-4.305749184375612160e+00
7.788359191487313815e+00,6.618360569773604318e+00,4.715062852901550805e+00,2.706874299246857962e+00,2.211678911945405557e-01,5.950469720430872300e+00,-3.992647609878643422e+00
7.888209950352536026e+00,6.577247350490670996e+00,4.623836347945444736e+00,2.729723403234426637e+00,2.352203080679268199e-01,5.883090353403478190e+00,-3.720491570750251498e+00
7.988060709217758237e+00,6.538421368199125006e+00,4.531985225524345573e+00,2.753828514104104563e+00,2.483315837617984523e-01,5.819601729751522790e+00,-3.429960798514311016e+00
8.087911468082980448e+00,6.501778575515649194e+00,4.438927299733520293e+00,2.779350170579740542e+00,2.621333767776866108e-01,5.760451016691980897e+00,-3.259172360090091036e+00
8.187762226948201771e+00,6.467656746989875138e+00,4.345150588569802963e+00,2.806059473516518743e+00,2.725503682778274150e-01,5.703677256722419209e+00,-3.102676921487940831e+00
8.287612985813423094e+00,6.436074034753068496e+00,4.250404305561109375e+00,2.833781468095347922e+00,2.826710621887940089e-01,5.649099482094842806e+00,-2.980599274888712014e+00
8.387463744678646194e+00,6.407166788184413875e+00,4.154763505566937631e+00,2.862524364906653851e+00,2.918683054493567686e-01,5.596167863785241892e+00,-2.908169279470060431e+00
8.487314503543867517e+00,6.381076198662245957e+00,4.058384295485468307e+00,2.892048157022633070e+00,2.996666338615627256e-01,5.544035438264753424e+00,-2.805551399523329437e+00
8.587165262409090616e+00,6.357877964482280042e+00,3.961250992591186293e+00,2.922410548052516877e+00,3.085593481321729503e-01,5.493273711383756641e+00,-2.804550908628313799e+00
8.687016021274311939e+00,6.337663060074085308e+00,3.863373881430774315e+00,2.953517737860896553e+00,3.138000520229401458e-01,5.442056871732829038e+00,-2.816894270006125467e+00
8.786866780139533262e+00,6.320545980032255429e+00,3.765022439865261639e+00,2.985141778694266446e+00,3.199421450078231421e-01,5.390124760538302695e+00,-2.814529505099158335e+00
8.886717539004756361e+00,6.306568160260162870e+00,3.666090480804833796e+00,3.017410901074612628e+00,3.249456378106346244e-01,5.337731645587165730e+00,-2.846956683195167592e+00
8.986568297869977684e+00,6.295807336626715767e+00,3.566734466072231324e+00,3.050069062495704308e+00,3.288503445122378799e-01,5.284206425732795864e+00,-2.922115207601560627e+00
9.086419056735199007e+00,6.288335684211206811e+00,3.467373412903832275e+00,3.083094025783959857e+00,3.339977972681962837e-01,5.228698376060195940e+00,-2.964523755295904728e+00
9.186269815600422106e+00,6.284154977574440082e+00,3.367264141734513050e+00,3.116651313248580912e+00,3.360588095400089403e-01,5.171775982632462743e+00,-3.106858965361636749e+00
9.286120574465643429e+00,6.283343715050120792e+00,3.267599726774331526e+00,-3.132870395511711870e+00,3.396990456345034270e-01,5.111440341408361121e+00,-3.214930637897359667e+00
9.385971333330866528e+00,6.285922896101635793e+00,3.167576545648990383e+00,-3.098716708890249194e+00,3.422564668617756878e-01,5.048246808149400522e+00,-3.364388571908912162e+00
9.485822092196087851e+00,6.291913393433175905e+00,3.067867245869359660e+00,-3.064410301090312316e+00,3.448602117192856586e-01,4.981257103577915402e+00,-3.527407481399349454e+00
9.585672851061309174e+00,6.301309545808561730e+00,2.968657822873707719e+00,-3.029856684962357161e+00,3.482814537737534133e-01,4.910040091919441352e+00,-3.682654245400853732e+00
9.685523609926532274e+00,6.314224047755170766e+00,2.869279522871003962e+00,-2.994825700471884122e+00,3.510065738276242908e-01,4.834569480540459985e+00,-3.872923890881103226e+00
9.785374368791753596e+00,6.330454163299562786e+00,2.771355224377057613e+00,-2.959797477638459462e+00,3.549659551772536004e-01,4.753907159706614038e+00,-4.052218656054139778e+00
9.885225127656974919e+00,6.350384300366953561e+00,2.672889607630390518e+00,-2.923884505299699121e+00,3.600638606916075624e-01,4.668018751817539780e+00,-4.224539059959292686e+00
9.985075886522198019e+00,6.373622481993281852e+00,2.576136598823548951e+00,-2.887774001521648426e+00,3.658297420049292925e-01,4.576762196721035458e+00,-4.408747575391360307e+00
1.008492664538741934e+01,6.400529773619848761e+00,2.479760095631122319e+00,-2.850724422280264569e+00,3.757733311269123022e-01,4.479544466041016193e+00,-4.527656689160875381e+00
1.018477740425264066e+01,6.430940202338164546e+00,2.384759495865018231e+00,-2.812670752869222746e+00,3.871238174562382506e-01,4.377458019290519253e+00,-4.651807866527776447e+00
1.028462816311786376e+01,6.464985535097713232e+00,2.291035578183980626e+00,-2.773376067136273271e+00,4.039048169464967142e-01,4.270031102874409790e+00,-4.699000058265252910e+00
1.038447892198308509e+01,6.502852624317239538e+00,2.198590028962822629e+00,-2.731905549776717734e+00,4.260166166925489772e-01,4.158697894301032427e+00,-4.607622456089249141e+00
1.048432968084830819e+01,6.544480906675229193e+00,2.108122362957778773e+00,-2.688318130550119811e+00,4.553192409442310962e-01,4.046556434606334740e+00,-4.217774383586193387e+00
1.058418043971352951e+01,6.590344444915139377e+00,2.019346056748831053e+00,-2.640332162423270290e+00,5.049000696621797069e-01,3.941106828367785475e+00,-3.852701215655094380e+00
1.068403119857875083e+01,6.640506122875523332e+00,1.933188727143326568e+00,-2.587566982888022782e+00,5.557411899411126566e-01,3.842256205991336770e+00,-3.171534142967177061e+00
1.078388195744397393e+01,6.695575147928503945e+00,1.849683089231176414e+00,-2.528401808117037852e+00,6.286876958652575231e-01,3.758932371112104320e+00,-2.355534516039279325e+00
1.088373271630919525e+01,6.755523748268355888e+00,1.770138827151734651e+00,-2.461752058439468538e+00,7.099458043858093426e-01,3.695831266802501069e+00,-1.925168326215627834e+00
1.098358347517441658e+01,6.821380698269518206e+00,1.694484799307072187e+00,-2.387996203247328086e+00,7.628151349003221560e-01,3.643447504224967215e+00,-1.242017579376176295e+00
1.108343423403963968e+01,6.892176278947799162e+00,1.624697562071996559e+00,-2.308939026190560462e+00,8.297082550188117356e-01,3.609248802783457943e+00,-8.743674858548263762e-01
1.118328499290486100e+01,6.969380045722613382e+00,1.560232355250345648e+00,-2.223481767539190912e+00,8.695347372725051871e-01,3.584977601940417369e+00,-1.004535432223099128e-01
1.128313575177008232e+01,7.050767406047483199e+00,1.503513968100971265e+00,-2.134369364854693529e+00,9.311992994211927277e-01,3.582178622203472607e+00,-8.099840355053448959e-02
1.138298651063530542e+01,7.138552287236396232e+00,1.453673518486353178e+00,-2.040218180211423871e+00,9.256904979485018892e-01,3.579920135596433184e+00,-4.950563071522477016e-02
1.148283726950052674e+01,7.228553055280781514e+00,1.413085047182344622e+00,-1.948526862615010069e+00,9.370650094694287224e-01,3.578539063313233015e+00,-4.950563071523278458e-02
1.158268802836574984e+01,7.324645349170520348e+00,1.379966015090236864e+00,-1.859411161870339724e+00,7.998215291751906708e-01,3.577157457824398978e+00,1.715971928380389810e+00
1.168253878723097117e+01,7.419720659112306826e+00,1.355497298182625210e+00,-1.788609416315126932e+00,6.335234601759724971e-01,3.624739670176206463e+00,3.625509280964786640e+00
1.178238954609619249e+01,7.519050319727975662e+00,1.336316727265667081e+00,-1.740194383453441684e+00,2.950387490798598855e-01,3.723272402404044890e+00,7.128621085090906639e+00
1.188224030496141559e+01,7.615932406406060728e+00,1.320523902735450061e+00,-1.729238632467314130e+00,2.609505726774180578e-02,3.909776698549611851e+00,7.026584188607434278e+00
1.198209106382663691e+01,7.714304487780086816e+00,1.304859669541241551e+00,-1.728935544137784497e+00,-1.938064849838075018e-02,4.085287426784942610e+00,6.930316271038889475e+00
1.208194182269185823e+01,7.810697146907082278e+00,1.289623427583874715e+00,-1.722904633513413497e+00,1.593002480997119386e-01,4.251301922602720218e+00,6.839037866746085825e+00
1.218179258155708133e+01,7.910817139126227637e+00,1.275366162446257334e+00,-1.699381031474093362e+00,2.885473196485796588e-01,4.409006042061041519e+00,6.315682980837937777e+00
1.228164334042230266e+01,8.008519073934474264e+00,1.264247043708941698e+00,-1.667872868616935289e+00,3.483619408963333774e-01,4.549789638621596133e+00,4.708678763823463953e+00
1.238149409928752576e+01,8.109475100335087561e+00,1.256288424773834622e+00,-1.630460492444556930e+00,3.814452633300869921e-01,4.651979799112320180e+00,3.661514913706128027e+00
1.248134485815274708e+01,8.208274699823190801e+00,1.252268397869654271e+00,-1.592299928355560557e+00,3.914107702895255891e-01,4.729918195572611062e+00,3.156821975418888648e+00
1.258119561701796840e+01,8.309802648189892338e+00,1.252127522534024484e+00,-1.551852919113853480e+00,4.007677790815309393e-01,4.796097192145383659e+00,2.692395807028064691e+00
1.268104637588319150e+01,8.408601650724326859e+00,1.255939012313203929e+00,-1.512769822673910802e+00,3.917176636423859715e-01,4.851826852382453481e+00,2.687875958581762870e+00
1.278089713474841282e+01,8.509470854275987151e+00,1.263805460724253482e+00,-1.473136922567921614e+00,3.933343899987675751e-01,4.906831637003594260e+00,2.436611539479495381e+00
1.288074789361363415e+01,8.608216110658435838e+00,1.275414587887644391e+00,-1.434618382747318455e+00,3.814351499734935369e-01,4.956167040814195346e+00,2.535623962034326606e+00
1.298059865247885725e+01,8.707157709660050315e+00,1.290891873105581400e+00,-1.396701047212428159e+00,3.773053318233406950e-01,5.006991081484455819e+00,2.444054266384097396e+00
1.308044941134407857e+01,8.805397918866280094e+00,1.310087115083367060e+00,-1.359104645603375072e+00,3.698523828582225281e-01,5.055496121695411738e+00,2.448494506605330745e+00
1.318030017020929989e+01,8.902632462396871560e+00,1.332847266696107313e+00,-1.322833895580098007e+00,3.568876400387384629e-01,5.103627053929497670e+00,2.603451006540299595e+00
1.328015092907452299e+01,8.999007264510609616e+00,1.359063438875707686e+00,-1.287757175522981967e+00,3.446984094391037368e-01,5.154311032809723692e+00,2.739720885151494034e+00
1.338000168793974431e+01,9.094420080901180370e+00,1.388574777707503483e+00,-1.254184292585373228e+00,3.275454214482200754e-01,5.207115193834930267e+00,3.014099130236319812e+00
1.347985244680496741e+01,9.188761759337868540e+00,1.421171110939291937e+00,-1.222350708826267507e+00,3.102826091580376811e-01,5.264595788165013168e+00,3.293071578461065130e+00
1.357970320567018874e+01,9.282136774956303071e+00,1.456710925063110729e+00,-1.192121194106219750e+00,2.953257621144043110e-01,5.326687545274122471e+00,3.510857299518352459e+00
1.367955396453541006e+01,9.374362256912281310e+00,1.494965047154021232e+00,-1.163315208303827619e+00,2.818554116583231739e-01,5.392098268413445084e+00,3.692733750070960053e+00
1.377940472340063316e+01,9.465522654032637817e+00,1.535822544529193756e+00,-1.135776630143777499e+00,2.698139817190041700e-01,5.460052039192564877e+00,3.841011315491805966e+00
1.387925548226585448e+01,9.555566052861536264e+00,1.579131419761496069e+00,-1.109370422373928466e+00,2.588179659032544544e-01,5.529848466279560171e+00,3.967333260695563801e+00
1.397910624113107581e+01,9.644274842668673742e+00,1.624656983838518531e+00,-1.084088548459090973e+00,2.483554597934207187e-01,5.601027274841444026e+00,4.087438069644089289e+00
1.407895699999629890e+01,9.732165657215022136e+00,1.672554063721682915e+00,-1.059740243763867440e+00,2.382308523612167162e-01,5.673427017214102364e+00,4.207446580995795493e+00
1.417880775886152023e+01,9.818518224183444332e+00,1.722314051680035929e+00,-1.036476068259191141e+00,2.287061385087850451e-01,5.746999877122804357e+00,4.318611164971067673e+00
1.427865851772674333e+01,9.904081429725824393e+00,1.774258032285175757e+00,-1.014049701549581073e+00,2.193838933966021365e-01,5.821549689883433132e+00,4.433968370533359682e+00
1.437850927659196465e+01,9.988225466314000656e+00,1.827900276925438439e+00,-9.926108479917543637e-01,2.103491234384114172e-01,5.897110394502225184e+00,4.550479743852615222e+00
1.447836003545718597e+01,1.007129862455740188e+01,1.883347229514910515e+00,-9.720456321990955662e-01,2.013551358167041949e-01,5.973662922880332182e+00,4.676761823589527189e+00
1.457821079432240907e+01,1.015333596203471700e+01,1.940521856797059685e+00,-9.523682722466598749e-01,1.922287457204887029e-01,6.051330857789039008e+00,4.819290054836558923e+00
1.467806155318763039e+01,1.023391476399139854e+01,1.999007987450311497e+00,-9.336758482047616825e-01,1.831823429519846835e-01,6.130336425414506962e+00,4.970537886837352204e+00
1.477791231205285172e+01,1.031396822558636650e+01,2.059379518043004786e+00,-9.157845044802559453e-01,1.736791625817983853e-01,6.210768764710372203e+00,5.151441726508871888e+00
1.487776307091807482e+01,1.039218550938690200e+01,2.120521239593585072e+00,-8.990120309014145716e-01,1.641867755481523083e-01,6.293043729387694185e+00,5.344713484988709240e+00
1.497761382978329614e+01,1.047034049711991877e+01,2.183705333933136483e+00,-8.830075147003776381e-01,1.542472606083528930e-01,6.377283651741733728e+00,5.569580526883311400e+00
1.507746458864851746e+01,1.054667074154730066e+01,2.247385033838876556e+00,-8.681773514861671481e-01,1.440646047553130749e-01,6.463899787211501824e+00,5.602157580640922063e+00
1.517731534751374056e+01,1.062278670747269338e+01,2.312766341506495404e+00,-8.542220445588037947e-01,1.341842996296723212e-01,6.549867161288999817e+00,5.553336444168171404e+00
1.527716610637896189e+01,1.069740744395773113e+01,2.378622477295575965e+00,-8.413628019641022915e-01,1.241436470015766652e-01,6.633985947143706596e+00,5.505509816463190376e+00
1.537701686524418498e+01,1.077169798838897563e+01,2.445847473864328325e+00,-8.293013152123960285e-01,1.179330896173886450e-01,6.716340388420449337e+00,5.458633325744992604e+00
1.547686762410940631e+01,1.084475774347651900e+01,2.513541308353459680e+00,-8.177797171342341409e-01,1.133529931301994198e-01,6.797008575322896817e+00,5.412665819472200823e+00
1.557671838297462763e+01,1.091747198432912924e+01,2.582460911693257977e+00,-8.066702234917714209e-01,1.084298358098339521e-01,6.876063056148430164e+00,5.367569045331728184e+00
1.567656914183985073e+01,1.098900662904123493e+01,2.651749150277854294e+00,-7.961037781394881829e-01,1.038267835523992294e-01,6.953571372827418884e+00,5.323307371807274535e+00
1.577641990070507205e+01,1.106014627755908108e+01,2.722104646004499529e+00,-7.857429276015902575e-01,1.050991650395876331e-01,7.029596531700845752e+00,5.279847542484447764e+00
1.587627065957029338e+01,1.113009740335194309e+01,2.792748559286386545e+00,-7.751602638598660278e-01,1.073932833387608171e-01,7.104197418858801072e+00,5.237158459240491837e+00
1.597612141843551647e+01,1.119952685611099241e+01,2.864351180088187121e+00,-7.652043123550471559e-01,8.672413951053233039e-02,7.177429167816651301e+00,5.195210990271428741e+00
1.607597217730073780e+01,1.126827260443261025e+01,2.936480408742919490e+00,-7.580810050366812991e-01,5.576056659707949448e-02,7.249343486048395846e+00,5.153977799561493711e+00
1.617582293616596090e+01,1.133665922271804050e+01,3.009046333626468783e+00,-7.538584835602056833e-01,2.961410317685200799e-02,7.319988945868276531e+00,5.113433194938893145e+00
1.627567369503118044e+01,1.140499741943685663e+01,3.081992081749958423e+00,-7.521510719932643640e-01,6.202840763353137908e-03,7.389411244306021587e+00,5.073552992296631814e+00
1.637552445389640354e+01,1.147309332913954272e+01,3.154851063670167211e+00,-7.508668723954536883e-01,1.950631689924472306e-02,7.457653435922304119e+00,-9.845422108461411526e+00
1.647537521276162664e+01,1.154117606873177415e+01,3.227980695169657910e+00,-7.482524152903254899e-01,3.399572128983219949e-02,7.324646683121795121e+00,-9.358284529937439089e+00
1.657522597162684619e+01,1.160887136472309678e+01,3.301201439041089092e+00,-7.438150495084777658e-01,5.488233707084148177e-02,7.195942287746985855e+00,-8.437570872916582587e+00
1.667507673049206929e+01,1.167629256727934717e+01,3.374931140909405602e+00,-7.373192589172289368e-01,7.497704319277989637e-02,7.077894439683716676e+00,-7.621177830618168336e+00
1.677492748935729239e+01,1.174305318672960574e+01,3.449043365553173590e+00,-7.288829627109705278e-01,9.401211429852258938e-02,6.969550123188554380e+00,-6.887264946403843346e+00
1.687477824822251549e+01,1.180919687598161438e+01,3.523869722132625171e+00,-7.185819774061537046e-01,1.121882540966245706e-01,6.870169696363332967e+00,-6.228976238905106655e+00
1.697462900708773503e+01,1.187444739696368678e+01,3.599371859738034640e+00,-7.065155416251474030e-01,1.294449131313566981e-01,6.779033533477530682e+00,-5.631817574672229654e+00
1.707447976595295813e+01,1.193874018717292884e+01,3.675736876642555551e+00,-6.927727688453632071e-01,1.459156952326841339e-01,6.695566677344779727e+00,-5.089832064974234349e+00
1.717433052481818123e+01,1.200191979652828245e+01,3.753036302269291191e+00,-6.774119345237548107e-01,1.615812152340778962e-01,6.619226989792793781e+00,-4.595332442035152454e+00
1.727418128368340078e+01,1.206381460718291621e+01,3.831305178277844004e+00,-6.605485574535279181e-01,1.764830055935529829e-01,6.549539760872592709e+00,-4.149720044577938971e+00
1.737403204254862388e+01,1.212436518461416135e+01,3.910708482813443077e+00,-6.422135079290950399e-01,1.904761704184741444e-01,6.485966827558737435e+00,-3.729081255422840968e+00
1.747388280141384698e+01,1.218334973884792305e+01,3.991185124719215604e+00,-6.225471221182908854e-01,2.040184412057763352e-01,6.428301680984197297e+00,-3.329444669598286222e+00
1.757373356027906652e+01,1.224071994480369518e+01,4.072896745697127230e+00,-6.015105964345458522e-01,2.171207800435874802e-01,6.376375721993329471e+00,-2.977921812418424352e+00
1.767358431914428962e+01,1.229628820410129819e+01,4.155804268194657425e+00,-5.792407540389122866e-01,2.290604496184937278e-01,6.329571221054661301e+00,-2.690006489041469440e+00
1.777343507800951272e+01,1.234991363495247718e+01,4.239904349472007006e+00,-5.558591418310618870e-01,2.394052018688085648e-01,6.286992402082021592e+00,-2.403345619445524051e+00
1.787328583687473227e+01,1.240163464002336724e+01,4.325460543302985350e+00,-5.314581558042621445e-01,2.496419767757663832e-01,6.248705601642870811e+00,-2.038999844058720701e+00
1.797313659573995537e+01,1.245101195110692238e+01,4.411935504656487872e+00,-5.059901924242080629e-01,2.616614941549089690e-01,6.216038154040909980e+00,-1.706225975378913962e+00
1.807298735460517847e+01,1.249842723275232892e+01,4.500257631495734323e+00,-4.792010909969179888e-01,2.726440461943713811e-01,6.188569658298922249e+00,-1.456735283187482688e+00
1.817283811347039801e+01,1.254296620358788417e+01,4.588920470365279947e+00,-4.516935055421942291e-01,2.812655477376544422e-01,6.165020857112652131e+00,-1.330660027572259096e+00
1.827268887233562111e+01,1.258566988103173045e+01,4.680241755106958834e+00,-4.230344807119095218e-01,2.865591558760092750e-01,6.143431235192968742e+00,-1.281836078312302174e+00
1.837253963120084421e+01,1.262485213369358128e+01,4.770579300677267653e+00,-3.957776512058768237e-01,2.667209213939282786e-01,6.122561778473451177e+00,-2.096063986375115373e+00
1.847239039006606376e+01,1.266240026481890801e+01,4.863848171937656950e+00,-3.700420288418837522e-01,2.450428583038379571e-01,6.088281824282181454e+00,-3.022126947784750328e+00
1.857224114893128686e+01,1.269728400029112692e+01,4.957039041229196918e+00,-3.465889560535473368e-01,2.283732781371559106e-01,6.038514074972258783e+00,-3.790550134644509850e+00
1.867209190779650996e+01,1.273016383567070342e+01,5.051380679226487480e+00,-3.242701750878171918e-01,2.193571699121344698e-01,5.975506139124636462e+00,-4.292800106080240319e+00
1.877194266666173306e+01,1.276121549469483618e+01,5.147226890302256663e+00,-3.023903848973343855e-01,2.165408251472206724e-01,5.903337608693794536e+00,-4.585955303052768883e+00
1.887179342552695260e+01,1.278991963575738744e+01,5.242890695275544743e+00,-2.805223952396194154e-01,2.223528387851039789e-01,5.825253014930336981e+00,-4.377652502328297501e+00
1.897164418439217570e+01,1.281650521687546096e+01,5.339237514155225739e+00,-2.577495261409321614e-01,2.344313994942887336e-01,5.749725979483155669e+00,-4.375372181107624492e+00
1.907149494325739880e+01,1.284102221401466082e+01,5.436970778706165852e+00,-2.337679830963383942e-01,2.392228846137599008e-01,5.673233678770932542e+00,-4.421678501374391779e+00
1.917134570212261835e+01,1.286299778103162694e+01,5.534450165276100009e+00,-2.095828550234195564e-01,2.459648949598892131e-01,5.594869477146025893e+00,-4.380500575556893317e+00
1.927119646098784145e+01,1.288254576696784603e+01,5.632333665308196124e+00,-1.844813303250871783e-01,2.542784973579258478e-01,5.516137403377697090e+00,-4.372578613268298220e+00
1.937104721985306455e+01,1.289980777100224074e+01,5.731928972404086053e+00,-1.587133530085096389e-01,2.565850917141407894e-01,5.436410697093908340e+00,-4.505006448160721710e+00
1.947089797871828409e+01,1.291402110959669436e+01,5.828541463903590625e+00,-1.332784447085713087e-01,2.654264154326178571e-01,5.353027614574201287e+00,-4.464001104138662690e+00
1.957074873758350719e+01,1.292631754547004874e+01,5.930570977474985739e+00,-1.069160826146935417e-01,2.470262149334026547e-01,5.269102091129671983e+00,-5.206407418268302223e+00
1.967059949644873029e+01,1.293557508387781851e+01,6.027498809625059906e+00,-8.387814937218851519e-02,2.252351844184411478e-01,5.169497981757595007e+00,-5.988656052799503193e+00
1.977045025531394984e+01,1.294304718783126162e+01,6.129184385071061669e+00,-6.404762884285286617e-02,1.546948764050427583e-01,5.052500933249414850e+00,-8.065899603303234855e+00
1.987030101417917294e+01,1.294871081790984135e+01,6.226463395903062192e+00,-5.405847418455511644e-02,5.207010093489156805e-02,4.890500310586346266e+00,-1.019908564169608489e+01
1.997015177304439604e+01,1.295383405881274719e+01,6.327091538344491006e+00,-4.710393714221106087e-02,8.617370384571697295e-02,4.677629785023141196e+00,-9.291237627743395677e+00
2.007000253190961558e+01,1.295801500585946542e+01,6.425958981027892314e+00,-3.661909684482456129e-02,1.391365799633071665e-01,4.474901803378608101e+00,-7.792637249983629388e+00
2.016985329077483868e+01,1.296082188729515217e+01,6.525699645198206333e+00,-1.810871407002934141e-02,2.316781930956325342e-01,4.297504469332937838e+00,-6.278392060263443319e+00
2.026970404964006178e+01,1.296131447306574103e+01,6.625344466671290178e+00,9.990442956739009617e-03,3.362326220048410530e-01,4.149064983896393777e+00,-4.913961166386641821e+00
2.036955480850528133e+01,1.295846189530402626e+01,6.725194877581796682e+00,4.886514726703183875e-02,4.403752763841810580e-01,4.029071200363594230e+00,-3.706634157441104804e+00
2.046940556737050443e+01,1.295124831144495658e+01,6.824569795692579710e+00,9.770112929900354182e-02,5.391567288273636516e-01,3.936139513620779962e+00,-2.602601462485230499e+00
2.056925632623572753e+01,1.293867335497380644e+01,6.923669843357788345e+00,1.562701972120374982e-01,6.314698940509556602e-01,3.869554342373427769e+00,-1.464046254119425461e+00
2.066910708510095063e+01,1.291988051071361099e+01,7.021756763998355133e+00,2.238295654975841487e-01,7.215211270725097048e-01,3.831589559126320044e+00,-5.671081440278049474e-02
2.076895784396617017e+01,1.289414090994003281e+01,7.117994785850796369e+00,3.004774667949139388e-01,8.180096654134881851e-01,3.830111397061169320e+00,-1.816960695987619800e+01
2.086880860283139327e+01,1.286045800090601077e+01,7.212323500064955262e+00,3.868875109931884104e-01,9.033562027488631907e-01,3.322838429331902876e+00,-8.232810016713256740e-01
